Experiment;Name;Time HS;Days post-HS;mCherry;mCitrine;mTurquoise2;GFP;Tumor;mCherry in tumors;mCitrine in tumors;mTurquoise2 in tumors;GFP in tumors;Tumor location;Standardized image;;
230224 countings Flybow 20X 3d post HS 1h;1-1;1 hr;3;0;0;0;1;F;0;0;0;0;;No;;
230224 countings Flybow 20X 3d post HS 1h;1-2;1 hr;3;1;0;0;2;F;0;0;0;0;;No;;
230224 countings Flybow 20X 3d post HS 1h;1-3;1 hr;3;0;0;0;1;F;0;0;0;0;;No;;
230224 countings Flybow 20X 3d post HS 1h;1-4;1 hr;3;2;0;0;8;F;0;0;0;0;;No;;
230224 countings Flybow 20X 3d post HS 1h;1-4 bis;1 hr;3;3;2;0;6;F;0;0;0;0;;No;;
230224 countings Flybow 20X 3d post HS 1h;1-5;1 hr;3;1;0;0;3;F;0;0;0;0;;No;;
230224 countings Flybow 20X 3d post HS 1h;2-1;1 hr;3;0;0;0;3;F;0;0;0;0;;No;;
230224 countings Flybow 20X 3d post HS 1h;2-2;1 hr;3;0;1;0;5;F;0;0;0;0;;No;;
230224 countings Flybow 20X 3d post HS 1h;2-3;1 hr;3;2;0;1;9;F;0;0;0;0;;No;;
230224 countings Flybow 20X 3d post HS 1h;2-3 bis;1 hr;3;0;2;1;7;F;0;0;0;0;;No;;
230224 countings Flybow 20X 3d post HS 1h;2-4;1 hr;3;0;0;0;2;F;0;0;0;0;;No;;
230224 countings Flybow 20X 3d post HS 1h;2-5;1 hr;3;0;0;0;3;F;0;0;0;0;;No;;
230224 countings Flybow 20X 3d post HS 1h;3-1;1 hr;3;0;0;0;2;F;0;0;0;0;;No;;
230224 countings Flybow 20X 3d post HS 1h;3-2;1 hr;3;0;1;0;9;F;0;0;0;0;;No;;
230224 countings Flybow 20X 3d post HS 1h;3-3;1 hr;3;0;1;2;9;F;0;0;0;0;;No;;
230224 countings Flybow 20X 3d post HS 1h;3-4;1 hr;3;0;0;0;4;F;0;0;0;0;;No;;
230224 countings Flybow 20X 3d post HS 1h;4-1;1 hr;3;0;0;0;2;F;0;0;0;0;;No;;
230224 countings Flybow 20X 3d post HS 1h;4-2;1 hr;3;1;0;0;9;F;0;0;0;0;;No;;
230224 countings Flybow 20X 3d post HS 1h;4-3;1 hr;3;0;0;2;1;F;0;0;0;0;;No;;
230224 countings Flybow 20X 3d post HS 1h;5-1;1 hr;3;0;0;1;3;F;0;0;0;0;;No;;
230224 countings Flybow 20X 3d post HS 1h;5-2;1 hr;3;0;0;0;1;F;0;0;0;0;;No;;
230224 countings Flybow 20X 3d post HS 1h;6-1;1 hr;3;0;0;0;2;F;0;0;0;0;;No;;
230224 countings Flybow 20X 3d post HS 1h;6-2;1 hr;3;0;0;0;4;F;0;0;0;0;;No;;
230224 countings Flybow 20X 3d post HS 1h;6-3;1 hr;3;2;2;0;7;F;0;0;0;0;;No;;
230224 countings Flybow 20X 3d post HS 1h;6-3 bis;1 hr;3;2;1;0;8;F;0;0;0;0;;No;;
230207 Flybow HS 0103 1h 5d;1-1;1 hr;5;5;0;3;16;F;0;0;0;0;Midgut;No;;
230207 Flybow HS 0103 1h 5d;1-2;1 hr;5;3;1;0;7;F;0;0;0;0;Midgut;No;;
230207 Flybow HS 0103 1h 5d;1-3;1 hr;5;6;0;1;15;F;0;0;0;0;Midgut;No;;
230207 Flybow HS 0103 1h 5d;1-4;1 hr;5;2;0;1;15;F;0;0;0;0;Midgut;No;;
230207 Flybow HS 0103 1h 5d;1-5;1 hr;5;4;3;2;15;F;0;0;0;0;Midgut;No;;
230207 Flybow HS 0103 1h 5d;1-6;1 hr;5;2;2;1;12;F;0;0;0;0;Midgut;No;;
230207 Flybow HS 0103 1h 5d;2-1;1 hr;5;5;0;4;9;F;0;0;0;0;Midgut;No;;
230207 Flybow HS 0103 1h 5d;2-2;1 hr;5;3;1;1;6;F;0;0;0;0;Midgut;No;;
230207 Flybow HS 0103 1h 5d;2-3;1 hr;5;5;2;2;9;F;0;0;0;0;Midgut;No;;
230207 Flybow HS 0103 1h 5d;2-4;1 hr;5;2;1;1;7;F;0;0;0;0;Midgut;No;;
230207 Flybow HS 0103 1h 5d;2-5;1 hr;5;3;2;4;10;F;0;0;0;0;Midgut;No;;
230207 Flybow HS 0103 1h 5d;2-6;1 hr;5;2;1;2;10;F;0;0;0;0;Midgut;No;;
230207 Flybow HS 0103 1h 5d;3-1;1 hr;5;3;0;2;11;F;0;0;0;0;Midgut;No;;
230207 Flybow HS 0103 1h 5d;3-2;1 hr;5;4;1;2;12;F;0;0;0;0;Midgut;No;;
230207 Flybow HS 0103 1h 5d;3-3;1 hr;5;2;1;2;22;F;0;0;0;0;Midgut;No;;
230207 Flybow HS 0103 1h 5d;3-4;1 hr;5;1;1;4;19;F;0;0;0;0;Midgut;No;;
230207 Flybow HS 0103 1h 5d;3-5;1 hr;5;4;1;2;9;F;0;0;0;0;Midgut;No;;
230207 Flybow HS 0103 1h 5d;3-6;1 hr;5;3;3;3;13;F;0;0;0;0;Midgut;No;;
230207 Flybow HS 0103 1h 5d;4-1;1 hr;5;0;0;0;4;F;0;0;0;0;Midgut;No;;
230207 Flybow HS 0103 1h 5d;4-2;1 hr;5;4;1;5;16;F;0;0;0;0;Midgut;No;;
230207 Flybow HS 0103 1h 5d;4-3;1 hr;5;4;1;3;14;F;0;0;0;0;Midgut;No;;
230207 Flybow HS 0103 1h 5d;4-4;1 hr;5;5;0;4;8;F;0;0;0;0;Midgut;No;;
230207 Flybow HS 0103 1h 5d;4-5;1 hr;5;2;1;1;9;F;0;0;0;0;Midgut;No;;
230207 Flybow HS 0103 1h 5d;5-2;1 hr;5;2;2;0;5;F;0;0;0;0;Midgut;No;;
230207 Flybow HS 0103 1h 5d;5-3;1 hr;5;1;0;2;5;F;0;0;0;0;Midgut;No;;
230207 Flybow HS 0103 1h 5d;5-4;1 hr;5;1;1;0;4;F;0;0;0;0;Midgut;No;;
230207 Flybow HS 0103 1h 5d;5-5;1 hr;5;6;1;3;6;F;0;0;0;0;Midgut;No;;
230207 Flybow HS 0103 1h 5d;5-6;1 hr;5;0;0;0;7;F;0;0;0;0;Midgut;No;;
230207 Flybow HS 0103 1h 5d;5-7;1 hr;5;1;0;1;5;F;0;0;0;0;Midgut;No;;
230207 Flybow HS 0103 1h 5d;6-1;1 hr;5;2;0;1;6;F;0;0;0;0;Midgut;No;;
230207 Flybow HS 0103 1h 5d;6-2;1 hr;5;2;1;2;6;F;0;0;0;0;Midgut;No;;
230207 Flybow HS 0103 1h 5d;6-3;1 hr;5;6;3;0;14;F;0;0;0;0;Midgut;No;;
230207 Flybow HS 0103 1h 5d;6-4;1 hr;5;5;3;2;12;F;0;0;0;0;Midgut;No;;
230207 Flybow HS 0103 1h 5d;6-6;1 hr;5;3;0;0;9;F;0;0;0;0;Midgut;No;;
230207 Flybow HS 0103 1h 5d;6-7;1 hr;5;0;1;2;5;F;0;0;0;0;Midgut;No;;
230207 Flybow HS 0103 1h 5d;6-8;1 hr;5;2;0;2;5;F;0;0;0;0;Midgut;No;;
230207 Flybow HS 0302 1h 4d;1-1;1 hr;4;3;2;1;26;F;0;0;0;0;Midgut;No;;
230207 Flybow HS 0302 1h 4d;1-2;1 hr;4;1;4;2;28;F;0;0;0;0;Midgut;No;;
230207 Flybow HS 0302 1h 4d;1-3;1 hr;4;3;3;0;11;F;0;0;0;0;Midgut;No;;
230207 Flybow HS 0302 1h 4d;1-4;1 hr;4;0;1;1;13;F;0;0;0;0;Midgut;No;;
230207 Flybow HS 0302 1h 4d;1-6;1 hr;4;2;2;1;36;F;0;0;0;0;Midgut;No;;
230207 Flybow HS 0302 1h 4d;1-8;1 hr;4;1;1;1;13;F;0;0;0;0;Midgut;No;;
230207 Flybow HS 0302 1h 4d;2-1;1 hr;4;1;0;0;8;F;0;0;0;0;Midgut;No;;
230207 Flybow HS 0302 1h 4d;2-2;1 hr;4;1;0;0;4;F;0;0;0;0;Midgut;No;;
230207 Flybow HS 0302 1h 4d;2-3;1 hr;4;0;0;0;3;F;0;0;0;0;Midgut;No;;
230207 Flybow HS 0302 1h 4d;2-4;1 hr;4;2;0;1;6;F;0;0;0;0;Midgut;No;;
230207 Flybow HS 0302 1h 4d;2-5;1 hr;4;0;0;0;5;F;0;0;0;0;Midgut;No;;
230207 Flybow HS 0302 1h 4d;2-6;1 hr;4;0;0;0;14;F;0;0;0;0;Midgut;No;;
230207 Flybow HS 0302 1h 4d;2-7;1 hr;4;0;0;1;11;F;0;0;0;0;Midgut;No;;
230207 Flybow HS 0302 1h 4d;3-1;1 hr;4;0;2;0;2;F;0;0;0;0;Midgut;No;;
230207 Flybow HS 0302 1h 4d;3-2;1 hr;4;0;0;1;4;F;0;0;0;0;Midgut;No;;
230207 Flybow HS 0302 1h 4d;3-3;1 hr;4;3;0;0;14;F;0;0;0;0;Midgut;No;;
230207 Flybow HS 0302 1h 4d;3-4;1 hr;4;1;1;2;14;F;0;0;0;0;Midgut;No;;
230207 Flybow HS 0302 1h 4d;3-5;1 hr;4;2;0;0;8;F;0;0;0;0;Midgut;No;;
230207 Flybow HS 0302 1h 4d;3-6;1 hr;4;0;0;0;6;F;0;0;0;0;Midgut;No;;
230207 Flybow HS 0302 1h 4d;4-1;1 hr;4;3;0;2;25;F;0;0;0;0;Midgut;No;;
230207 Flybow HS 0302 1h 4d;4-2;1 hr;4;2;2;0;28;F;0;0;0;0;Midgut;No;;
230207 Flybow HS 0302 1h 4d;4-3;1 hr;4;2;0;2;14;F;0;0;0;0;Midgut;No;;
230207 Flybow HS 0302 1h 4d;4-4;1 hr;4;2;0;3;26;F;0;0;0;0;Midgut;No;;
230207 Flybow HS 0302 1h 4d;4-5;1 hr;4;4;1;1;34;F;0;0;0;0;Midgut;No;;
230207 Flybow HS 0302 1h 4d;4-6;1 hr;4;1;0;1;35;F;0;0;0;0;Midgut;No;;
230207 Flybow HS 0302 1h 4d;5-7;1 hr;4;4;1;2;23;F;0;0;0;0;Midgut;No;;
230207 Flybow HS 0302 1h 4d;5-8;1 hr;4;2;1;1;23;F;0;0;0;0;Midgut;No;;
230207 Flybow HS 0302 1h 4d;5-10;1 hr;4;5;2;1;18;F;0;0;0;0;Midgut;No;;
230207 Flybow HS 0302 1h 4d;6-1;1 hr;4;0;0;0;16;F;0;0;0;0;Midgut;No;;
230207 Flybow HS 0302 1h 4d;6-2;1 hr;4;0;0;0;16;F;0;0;0;0;Midgut;No;;
230207 Flybow HS 0302 1h 4d;6-3;1 hr;4;0;1;1;14;F;0;0;0;0;Midgut;No;;
230207 Flybow HS 0302 1h 4d;6-4;1 hr;4;0;0;0;17;F;0;0;0;0;Midgut;No;;
230207 Flybow HS 0302 1h 4d;6-5;1 hr;4;0;0;0;6;F;0;0;0;0;Midgut;No;;
230207 Flybow HS 0302 1h 4d;6-6;1 hr;4;0;1;0;10;F;0;0;0;0;Midgut;No;;
230207 Flybow HS 0302 1h 4d;6-7;1 hr;4;0;0;0;2;F;0;0;0;0;Midgut;No;;
230320 Flybow HS2002 1h 22d post HS;1-1;1 hr;22;0;2;3;8;F;0;0;0;0;Midgut;No;;
230320 Flybow HS2002 1h 22d post HS;1-3;1 hr;22;1;0;0;7;F;0;0;0;0;Midgut;No;;
230320 Flybow HS2002 1h 22d post HS;1-4;1 hr;22;1;0;0;3;F;0;0;0;0;Midgut;No;;
230320 Flybow HS2002 1h 22d post HS;1-8;1 hr;22;4;2;2;6;F;0;0;0;0;Midgut;No;;
230320 Flybow HS2002 1h 22d post HS;1-9;1 hr;22;1;1;1;6;F;0;0;0;0;Midgut;No;;
230320 Flybow HS2002 1h 22d post HS;2-2;1 hr;22;1;0;0;6;F;0;0;0;0;Midgut;No;;
230320 Flybow HS2002 1h 22d post HS;2-4;1 hr;22;1;1;1;9;F;0;0;0;0;Midgut;No;;
230320 Flybow HS2002 1h 22d post HS;2-6;1 hr;22;2;1;2;5;F;0;0;0;0;Midgut;No;;
230320 Flybow HS2002 1h 22d post HS;3-2;1 hr;22;1;1;3;4;F;0;0;0;0;Midgut;No;;
230320 Flybow HS2002 1h 22d post HS;3-3;1 hr;22;2;0;0;9;F;0;0;0;0;Midgut;No;;
230320 Flybow HS2002 1h 22d post HS;3-4;1 hr;22;2;0;0;10;F;0;0;0;0;Midgut;No;;
230320 Flybow HS2002 1h 22d post HS;3-5;1 hr;22;4;0;0;5;F;0;0;0;0;Midgut;No;;
230320 Flybow HS2002 1h 22d post HS;3-7;1 hr;22;2;2;0;4;F;0;0;0;0;Midgut;No;;
230320 Flybow HS2002 1h 22d post HS;4-1;1 hr;22;2;1;1;5;F;0;0;0;0;Midgut;No;;
230320 Flybow HS2002 1h 22d post HS;4-2;1 hr;22;2;0;0;12;F;0;0;0;0;Midgut;No;;
230320 Flybow HS2002 1h 22d post HS;5-3;1 hr;22;1;0;0;7;F;0;0;0;0;Midgut;No;;
230320 Flybow HS2002 1h 22d post HS;5-7;1 hr;22;4;4;5;4;F;0;0;0;0;Midgut;No;;
230320 Flybow HS2002 1h 22d post HS;6-1;1 hr;22;2;0;1;6;F;0;0;0;0;Midgut;No;;
230320 Flybow HS2002 1h 22d post HS;6-2;1 hr;22;3;1;0;5;F;0;0;0;0;Midgut;No;;
230320 Flybow HS2002 1h 22d post HS;6-5;1 hr;22;3;0;1;3;F;0;0;0;0;Midgut;No;;
HS 230224 1h30 4d;1-3;1 hr 30 min;4;4;4;4;7;F;0;0;0;0;Midgut;No;;
HS 230224 1h30 4d;2-1;1 hr 30 min;4;3;2;2;8;F;0;0;0;0;Midgut;No;;
HS 230224 1h30 4d;2-2;1 hr 30 min;4;3;0;3;5;F;0;0;0;0;Midgut;No;;
HS 230224 1h30 4d;3-1;1 hr 30 min;4;2;0;3;9;F;0;0;0;0;Midgut;No;;
HS 230224 1h30 4d;3-2;1 hr 30 min;4;2;0;3;12;F;0;0;0;0;Midgut;No;;
HS 230224 1h30 4d;3-3;1 hr 30 min;4;0;0;0;5;F;0;0;0;0;Midgut;No;;
HS 230224 1h30 4d;4-2;1 hr 30 min;4;1;1;0;2;F;0;0;0;0;Midgut;No;;
HS 230224 1h30 4d;4-3;1 hr 30 min;4;3;1;2;13;F;0;0;0;0;Midgut;No;;
HS 230224 1h30 4d;4-4;1 hr 30 min;4;3;3;3;9;F;0;0;0;0;Midgut;No;;
HS 230224 1h30 4d;4-5;1 hr 30 min;4;1;0;0;2;F;0;0;0;0;Midgut;No;;
HS 230224 1h30 4d;5-2;1 hr 30 min;4;4;2;0;14;F;0;0;0;0;Midgut;No;;
HS 230224 1h30 4d;6-1;1 hr 30 min;4;2;1;1;7;F;0;0;0;0;Midgut;No;;
HS 230224 1h30 4d;6-2;1 hr 30 min;4;5;1;3;16;F;0;0;0;0;Midgut;No;;
HS 230224 1h30 4d;6-3;1 hr 30 min;4;2;1;2;12;F;0;0;0;0;Midgut;No;;
HS 230224 1h30 4d;6-4;1 hr 30 min;4;2;1;1;7;F;0;0;0;0;Midgut;No;;
230102 tests reenforced line 4d;ITA 1-1;2 hr;4;5;2;1;13;F;0;0;0;0;;No;;
230102 tests reenforced line 4d;ITA 1-2;2 hr;4;2;4;2;8;F;0;0;0;0;;No;;
230102 tests reenforced line 4d;ITA 1-3;2 hr;4;5;2;4;8;F;0;0;0;0;;No;;
230102 tests reenforced line 4d;ITA 2-1;2 hr;4;5;5;6;2;F;0;0;0;0;;No;;
230102 tests reenforced line 4d;ITA 4-1;2 hr;4;3;2;1;5;F;0;0;0;0;;No;;
HS 230207 2h 21d;2-2;2 hr;21;3;1;2;5;F;0;0;0;0;Midgut;No;;
HS 230207 2h 21d;4-2;2 hr;21;0;1;1;6;F;0;0;0;0;Midgut;No;;
HS 230207 2h 21d;5-1;2 hr;21;5;1;1;10;F;0;0;0;0;Midgut;No;;
HS 230207 2h 21d;6-1;2 hr;21;2;0;0;1;F;0;0;0;0;Midgut;No;;
HS 230208 2h 21d;1-3;2 hr;21;2;0;2;8;F;0;0;0;0;Midgut;No;;
HS 230208 2h 21d;2-3;2 hr;21;1;1;0;4;F;0;0;0;0;Midgut;No;;
HS 230208 2h 21d;3-1;2 hr;21;1;0;2;2;F;0;0;0;0;Midgut;No;;
HS 230208 2h 21d;3-2;2 hr;21;1;0;0;1;F;0;0;0;0;Midgut;No;;
HS 230208 2h 21d;4-2;2 hr;21;1;0;1;1;F;0;0;0;0;Midgut;No;;
HS 230208 2h 21d;6-1;2 hr;21;0;0;0;3;F;0;0;0;0;Midgut;No;;
230207 Flybow HS0203 2h 4d;1-1;2 hr;4;0;0;0;1;F;0;0;0;0;Midgut;No;;
230207 Flybow HS0203 2h 4d;1-2;2 hr;4;1;1;1;3;F;0;0;0;0;Midgut;No;;
230207 Flybow HS0203 2h 4d;1-3;2 hr;4;2;1;3;3;F;0;0;0;0;Midgut;No;;
230207 Flybow HS0203 2h 4d;1-4;2 hr;4;0;0;1;7;F;0;0;0;0;Midgut;No;;
230207 Flybow HS0203 2h 4d;1-5;2 hr;4;1;0;2;7;F;0;0;0;0;Midgut;No;;
230207 Flybow HS0203 2h 4d;1-6;2 hr;4;0;0;0;1;F;0;0;0;0;Midgut;No;;
230207 Flybow HS0203 2h 4d;1-7;2 hr;4;1;0;1;3;F;0;0;0;0;Midgut;No;;
230207 Flybow HS0203 2h 4d;1-8;2 hr;4;3;1;2;11;F;0;0;0;0;Midgut;No;;
230207 Flybow HS0203 2h 4d;1-9;2 hr;4;2;1;4;13;F;0;0;0;0;Midgut;No;;
230207 Flybow HS0203 2h 4d;1-10;2 hr;4;4;3;2;7;F;0;0;0;0;Midgut;No;;
230207 Flybow HS0203 2h 4d;1-11;2 hr;4;1;1;2;7;F;0;0;0;0;Midgut;No;;
230207 Flybow HS0203 2h 4d;2-2;2 hr;4;2;1;1;3;F;0;0;0;0;Midgut;No;;
230207 Flybow HS0203 2h 4d;2-3;2 hr;4;3;0;3;10;F;0;0;0;0;Midgut;No;;
230207 Flybow HS0203 2h 4d;2-4;2 hr;4;11;2;4;19;F;0;0;0;0;Midgut;No;;
230207 Flybow HS0203 2h 4d;3-1;2 hr;4;2;2;4;18;F;0;0;0;0;Midgut;No;;
230207 Flybow HS0203 2h 4d;3-2;2 hr;4;2;1;4;11;F;0;0;0;0;Midgut;No;;
230207 Flybow HS0203 2h 4d;4-1;2 hr;4;0;1;4;3;F;0;0;0;0;Midgut;No;;
230207 Flybow HS0203 2h 4d;4-2;2 hr;4;5;2;4;2;F;0;0;0;0;Midgut;No;;
230207 Flybow HS0203 2h 4d;4-3;2 hr;4;4;1;2;10;F;0;0;0;0;Midgut;No;;
230207 Flybow HS0203 2h 4d;5-1;2 hr;4;4;1;3;15;F;0;0;0;0;Midgut;No;;
230207 Flybow HS0203 2h 4d;5-2;2 hr;4;5;2;3;11;F;0;0;0;0;Midgut;No;;
230207 Flybow HS0203 2h 4d;5-3;2 hr;4;1;1;3;10;F;0;0;0;0;Midgut;No;;
230207 Flybow HS0203 2h 4d;5-4;2 hr;4;5;0;2;6;F;0;0;0;0;Midgut;No;;
230207 Flybow HS0203 2h 4d;5-5;2 hr;4;4;1;1;8;F;0;0;0;0;Midgut;No;;
230207 Flybow HS0203 2h 4d;5-6;2 hr;4;7;2;1;12;F;0;0;0;0;Midgut;No;;
230207 Flybow HS0203 2h 4d;6-1;2 hr;4;3;2;0;11;F;0;0;0;0;Midgut;No;;
230207 Flybow HS0203 2h 4d;6-2;2 hr;4;1;1;1;4;F;0;0;0;0;Midgut;No;;
230207 Flybow HS0203 2h 4d;6-3;2 hr;4;2;1;1;10;F;0;0;0;0;Midgut;No;;
230207 Flybow HS0203 2h 4d;6-5;2 hr;4;3;1;1;7;F;0;0;0;0;Midgut;No;;
230207 Flybow HS0203 2h 4d;6-6;2 hr;4;3;2;0;5;F;0;0;0;0;Midgut;No;;
230224 countings flybow 4d post HS 30 min;1-2;30 min;4;0;0;0;5;F;0;0;0;0;;No;;
230224 countings flybow 4d post HS 30 min;1-3;30 min;4;0;0;0;6;F;0;0;0;0;;No;;
230224 countings flybow 4d post HS 30 min;1-4;30 min;4;0;0;0;2;F;0;0;0;0;;No;;
230224 countings flybow 4d post HS 30 min;1-5;30 min;4;0;0;0;1;F;0;0;0;0;;No;;
230224 countings flybow 4d post HS 30 min;1-6;30 min;4;0;0;0;1;F;0;0;0;0;;No;;
230224 countings flybow 4d post HS 30 min;2-1 bis;30 min;4;0;0;0;4;F;0;0;0;0;;No;;
230224 countings flybow 4d post HS 30 min;2-2;30 min;4;0;0;0;13;F;0;0;0;0;;No;;
230224 countings flybow 4d post HS 30 min;2-2 bis;30 min;4;1;0;0;18;F;0;0;0;0;;No;;
230224 countings flybow 4d post HS 30 min;2-3;30 min;4;0;0;0;13;F;0;0;0;0;;No;;
230224 countings flybow 4d post HS 30 min;2-4;30 min;4;0;0;0;15;F;0;0;0;0;;No;;
230224 countings flybow 4d post HS 30 min;2-5;30 min;4;0;0;0;10;F;0;0;0;0;;No;;
230224 countings flybow 4d post HS 30 min;3-1;30 min;4;0;0;0;2;F;0;0;0;0;;No;;
230224 countings flybow 4d post HS 30 min;3-2;30 min;4;0;0;0;6;F;0;0;0;0;;No;;
230224 countings flybow 4d post HS 30 min;3-4;30 min;4;0;0;0;1;F;0;0;0;0;;No;;
230224 countings flybow 4d post HS 30 min;4-2;30 min;4;0;0;0;6;F;0;0;0;0;;No;;
230224 countings flybow 4d post HS 30 min;5-1;30 min;4;0;0;1;15;F;0;0;0;0;;No;;
230224 countings flybow 4d post HS 30 min;5-2;30 min;4;0;0;1;12;F;0;0;0;0;;No;;
230224 countings flybow 4d post HS 30 min;5-3;30 min;4;3;0;0;8;F;0;0;0;0;;No;;
230224 countings flybow 4d post HS 30 min;5-4;30 min;4;0;0;1;7;F;0;0;0;0;;No;;
230224 countings flybow 4d post HS 30 min;5-5;30 min;4;1;0;0;8;F;0;0;0;0;;No;;
230224 countings flybow 4d post HS 30 min;5-6;30 min;4;2;0;0;18;F;0;0;0;0;;No;;
230224 countings flybow 4d post HS 30 min;5-7;30 min;4;0;0;0;9;F;0;0;0;0;;No;;
230224 countings flybow 4d post HS 30 min;5-8;30 min;4;0;1;0;12;F;0;0;0;0;;No;;
230224 countings flybow 4d post HS 30 min;6-1;30 min;4;0;0;0;1;F;0;0;0;0;;No;;
230224 countings flybow 4d post HS 30 min;6-2;30 min;4;0;0;0;7;F;0;0;0;0;;No;;
230224 countings flybow 4d post HS 30 min;6-3;30 min;4;0;0;0;4;F;0;0;0;0;;No;;
230224 countings flybow 4d post HS 30 min;6-4;30 min;4;0;0;0;3;F;0;0;0;0;;No;;
230224 countings flybow 4d post HS 30 min;6-5;30 min;4;0;0;0;2;F;0;0;0;0;;No;;
230224 countings flybow 4d post HS 30 min;6-6;30 min;4;0;0;1;1;F;0;0;0;0;;No;;
HS 230225 30 min 4d;1-1;30 min;4;0;0;0;1;F;0;0;0;0;Malpighi;No;;
HS 230225 30 min 4d;1-2;30 min;4;0;0;0;1;F;0;0;0;0;Midgut;No;;
HS 230225 30 min 4d;1-3;30 min;4;0;0;0;8;F;0;0;0;0;Midgut;No;;
HS 230225 30 min 4d;2-1;30 min;4;0;0;0;6;F;0;0;0;0;Midgut;No;;
HS 230225 30 min 4d;2-2;30 min;4;0;0;0;2;F;0;0;0;0;Midgut;No;;
HS 230225 30 min 4d;3-1;30 min;4;1;0;0;10;F;0;0;0;0;Midgut;No;;
HS 230225 30 min 4d;3-2;30 min;4;0;0;0;2;F;0;0;0;0;Midgut;No;;
HS 230225 30 min 4d;4-1;30 min;4;0;0;0;1;F;0;0;0;0;Midgut;No;;
HS 230225 30 min 4d;4-2;30 min;4;0;0;0;4;F;0;0;0;0;Midgut;No;;
HS 230225 30 min 4d;4-3;30 min;4;0;0;0;4;F;0;0;0;0;Midgut;No;;
HS 230225 30 min 4d;5-1;30 min;4;1;0;0;16;F;0;0;0;0;Midgut;No;;
HS 230225 30 min 4d;5-2;30 min;4;1;0;0;1;F;0;0;0;0;Midgut;No;;
HS 230225 30 min 4d;6-1;30 min;4;0;0;2;16;F;0;0;0;0;Midgut;No;;
HS 230225 30 min 4d;6-2;30 min;4;0;0;0;26;F;0;0;0;0;Midgut;No;;
HS 230225 30 min 4d;6-3;30 min;4;0;0;0;9;F;0;0;0;0;Midgut;No;;
230320 Flybow HS1902 30min prepared on 230317 ie 26d;1-1;30 min;26;0;0;0;2;F;0;0;0;0;Midgut;No;;
230320 Flybow HS1902 30min prepared on 230317 ie 26d;1-2;30 min;26;0;0;0;5;F;0;0;0;0;Midgut;No;;
230320 Flybow HS1902 30min prepared on 230317 ie 26d;1-3;30 min;26;0;0;0;2;F;0;0;0;0;Midgut;No;;
230320 Flybow HS1902 30min prepared on 230317 ie 26d;1-4;30 min;26;0;0;0;0;F;0;0;0;0;Midgut;No;;
230320 Flybow HS1902 30min prepared on 230317 ie 26d;2-1;30 min;26;0;0;1;3;F;0;0;0;0;Midgut;No;;
230320 Flybow HS1902 30min prepared on 230317 ie 26d;2-2;30 min;26;0;0;0;1;F;0;0;0;0;Midgut;No;;
230320 Flybow HS1902 30min prepared on 230317 ie 26d;2-3;30 min;26;0;0;0;1;F;0;0;0;0;Midgut;No;;
230320 Flybow HS1902 30min prepared on 230317 ie 26d;2-4;30 min;26;0;0;0;2;F;0;0;0;0;Midgut;No;;
230320 Flybow HS1902 30min prepared on 230317 ie 26d;2-5;30 min;26;0;0;0;5;F;0;0;0;0;Midgut;No;;
230320 Flybow HS1902 30min prepared on 230317 ie 26d;3-3;30 min;26;0;0;0;3;F;0;0;0;0;Midgut;No;;
230320 Flybow HS1902 30min prepared on 230317 ie 26d;3-4;30 min;26;0;0;0;3;F;0;0;0;0;Midgut;No;;
230320 Flybow HS1902 30min prepared on 230317 ie 26d;3-5;30 min;26;0;0;0;7;F;0;0;0;0;Midgut;No;;
230320 Flybow HS1902 30min prepared on 230317 ie 26d;3-6;30 min;26;0;0;1;24;F;0;0;0;0;Midgut;No;;
230320 Flybow HS1902 30min prepared on 230317 ie 26d;5-1;30 min;26;0;0;0;11;F;0;0;0;0;Midgut;No;;
230320 Flybow HS1902 30min prepared on 230317 ie 26d;5-2;30 min;26;0;0;0;10;F;0;0;0;0;Midgut;No;;
230320 Flybow HS1902 30min prepared on 230317 ie 26d;5-3;30 min;26;0;0;0;15;F;0;0;0;0;Midgut;No;;
230320 Flybow HS1902 30min prepared on 230317 ie 26d;5-4;30 min;26;0;0;0;42;F;0;0;0;0;Midgut;No;;
230320 Flybow HS1902 30min prepared on 230317 ie 26d;5-5;30 min;26;0;0;0;3;F;0;0;0;0;Midgut;No;;
230320 Flybow HS1902 30min prepared on 230317 ie 26d;5-6;30 min;26;0;0;0;3;F;0;0;0;0;Midgut;No;;
230320 Flybow HS1902 30min prepared on 230317 ie 26d;6-1;30 min;26;1;0;0;1;F;0;0;0;0;Midgut;No;;
230320 Flybow HS1902 30min prepared on 230317 ie 26d;6-2;30 min;26;0;0;0;19;F;0;0;0;0;Midgut;No;;
230320 Flybow HS1902 30min prepared on 230317 ie 26d;6-3;30 min;26;0;0;1;1;F;0;0;0;0;Midgut;No;;
230320 Flybow HS1902 30min 23d post HS;1-1;30 min;23;0;0;0;9;F;0;0;0;0;Midgut;No;;
230320 Flybow HS1902 30min 23d post HS;1-2;30 min;23;0;0;0;23;F;0;0;0;0;Midgut;No;;
230320 Flybow HS1902 30min 23d post HS;1-3;30 min;23;0;0;0;1;F;0;0;0;0;Midgut;No;;
230320 Flybow HS1902 30min 23d post HS;1-4;30 min;23;0;0;0;3;F;0;0;0;0;Midgut;No;;
230320 Flybow HS1902 30min 23d post HS;1-5;30 min;23;0;0;0;8;F;0;0;0;0;Midgut;No;;
230320 Flybow HS1902 30min 23d post HS;1-6;30 min;23;0;0;0;16;F;0;0;0;0;Midgut;No;;
230320 Flybow HS1902 30min 23d post HS;1-7;30 min;23;0;0;1;5;F;0;0;0;0;Midgut;No;;
230320 Flybow HS1902 30min 23d post HS;2-2;30 min;23;0;0;0;2;F;0;0;0;0;Midgut;No;;
230320 Flybow HS1902 30min 23d post HS;2-3;30 min;23;0;0;2;22;F;0;0;0;0;Midgut;No;;
230320 Flybow HS1902 30min 23d post HS;2-4;30 min;23;0;0;0;1;F;0;0;0;0;Midgut;No;;
230320 Flybow HS1902 30min 23d post HS;2-5;30 min;23;0;0;0;2;F;0;0;0;0;Midgut;No;;
230320 Flybow HS1902 30min 23d post HS;3-1;30 min;23;0;0;0;1;F;0;0;0;0;Midgut;No;;
230320 Flybow HS1902 30min 23d post HS;3-2;30 min;23;0;0;0;12;F;0;0;0;0;Midgut;No;;
230320 Flybow HS1902 30min 23d post HS;3-3;30 min;23;0;0;0;18;F;0;0;0;0;Midgut;No;;
230320 Flybow HS1902 30min 23d post HS;3-4;30 min;23;0;0;0;0;F;0;0;0;0;Midgut;No;;
230320 Flybow HS1902 30min 23d post HS;4-2;30 min;23;0;0;0;10;F;0;0;0;0;Midgut;No;;
230320 Flybow HS1902 30min 23d post HS;4-3;30 min;23;0;0;0;4;F;0;0;0;0;Midgut;No;;
230320 Flybow HS1902 30min 23d post HS;4-4;30 min;23;0;0;0;5;F;0;0;0;0;Midgut;No;;
230320 Flybow HS1902 30min 23d post HS;4-5;30 min;23;0;0;0;1;F;0;0;0;0;Midgut;No;;
230320 Flybow HS1902 30min 23d post HS;5-1;30 min;23;0;0;0;1;F;0;0;0;0;Midgut;No;;
230320 Flybow HS1902 30min 23d post HS;5-2;30 min;23;0;0;0;1;F;0;0;0;0;Midgut;No;;
230320 Flybow HS1902 30min 23d post HS;5-3;30 min;23;1;0;5;2;F;0;0;0;0;Malpighi;No;;
230320 Flybow HS1902 30min 23d post HS;5-4;30 min;23;3;0;3;3;F;0;0;0;0;Malpighi;No;;
230320 Flybow HS1902 30min 23d post HS;5-5;30 min;23;0;0;0;10;F;0;0;0;0;Midgut;No;;
230320 Flybow HS1902 30min 23d post HS;5-6;30 min;23;0;0;3;13;F;0;0;0;0;Midgut;No;;
230320 Flybow HS1902 30min 23d post HS;6-2;30 min;23;0;0;2;9;F;0;0;0;0;Midgut;No;;
230320 Flybow HS1902 30min 23d post HS;6-3;30 min;23;0;0;0;38;F;0;0;0;0;Midgut;No;;
230320 Flybow HS1902 30min 23d post HS;6-4;30 min;23;3;0;0;6;F;0;0;0;0;Midgut;No;;
230320 Flybow HS1902 30min 23d post HS;7-1;30 min;23;0;0;0;8;F;0;0;0;0;Midgut;No;;
230320 Flybow HS1902 30min 23d post HS;7-2;30 min;23;0;0;0;0;F;0;0;0;0;Midgut;No;;
230320 Flybow HS1902 30min 23d post HS;7-3;30 min;23;0;0;0;3;F;0;0;0;0;Midgut;No;;
230320 Flybow HS1902 30min 23d post HS;7-4;30 min;23;0;0;0;7;F;0;0;0;0;Midgut;No;;
230320 Flybow HS1902 30min 23d post HS;8-2;30 min;23;0;0;0;0;F;0;0;0;0;Midgut;No;;
230320 Flybow HS1902 30min 23d post HS;8-3;30 min;23;0;0;0;2;F;0;0;0;0;Midgut;No;;
230320 Flybow HS1902 30min 23d post HS;8-4;30 min;23;0;0;0;2;F;0;0;0;0;Midgut;No;;
230320 Flybow HS1902 30min 23d post HS;8-5;30 min;23;0;0;1;4;F;0;0;0;0;Midgut;No;;
230320 Flybow HS1902 30min 23d post HS;8-6;30 min;23;0;0;0;5;F;0;0;0;0;Midgut;No;;
230320 Flybow HS1902 30min 23d post HS;9-1;30 min;23;0;0;0;1;F;0;0;0;0;Midgut;No;;
230320 Flybow HS1902 30min 23d post HS;9-2;30 min;23;0;0;1;1;F;0;0;0;0;Midgut;No;;
230320 Flybow HS1902 30min 23d post HS;9-5;30 min;23;0;0;0;12;F;0;0;0;0;Midgut;No;;
230320 Flybow HS1902 30min 23d post HS;9-6;30 min;23;0;0;0;10;F;0;0;0;0;Midgut;No;;
230320 Flybow HS1902 30min 23d post HS;9-7;30 min;23;0;0;1;1;F;0;0;0;0;Malpighi;No;;
230320 Flybow HS1902 30min 23d post HS;9-8;30 min;23;2;0;4;11;F;0;0;0;0;Malpighi;No;;
230320 Flybow HS1902 30min 23d post HS;9-9;30 min;23;0;0;0;5;F;0;0;0;0;Malpighi;No;;
230320 Flybow HS1902 30min 23d post HS;10-1;30 min;23;0;0;0;7;F;0;0;0;0;Midgut;No;;
230320 Flybow HS1902 30min 23d post HS;10-2;30 min;23;1;0;0;0;F;0;0;0;0;Midgut;No;;
230320 Flybow HS1902 30min 23d post HS;10-3;30 min;23;0;0;0;1;F;0;0;0;0;Midgut;No;;
230320 Flybow HS1902 30min 23d post HS;11-1;30 min;23;0;0;0;0;F;0;0;0;0;Midgut;No;;
230320 Flybow HS1902 30min 23d post HS;11-2;30 min;23;0;0;0;15;F;0;0;0;0;Midgut;No;;
230320 Flybow HS1902 30min 23d post HS;12-1;30 min;23;0;0;1;10;F;0;0;0;0;Midgut;No;;
230320 Flybow HS1902 30min 23d post HS;12-5;30 min;23;0;0;0;12;F;0;0;0;0;Malpighi;No;;
230320 Flybow HS1902 30min 23d post HS;12-6;30 min;23;4;0;1;15;F;0;0;0;0;Midgut;No;;
230224 countings Flybow 20X 3d post HS 1h;6-4;1 hr;3;1;1;1;1;T;1;1;1;1;;No;;
230207 Flybow HS 0103 1h 5d;5-1;1 hr;5;1;1;4;5;T;1;1;1;1;Malpighi;No;;
230207 Flybow HS 0103 1h 5d;6-5;1 hr;5;2;2;3;12;T;0;0;0;1;Midgut;No;;
230207 Flybow HS 0302 1h 4d;1-5;1 hr;4;4;3;0;18;T;0;0;0;1;Midgut;No;;
230207 Flybow HS 0302 1h 4d;1-7;1 hr;4;3;0;3;7;T;1;0;1;1;Malpighi;No;;
230207 Flybow HS 0302 1h 4d;5-1;1 hr;4;1;3;1;10;T;1;1;1;1;Midgut;No;;
230207 Flybow HS 0302 1h 4d;5-2;1 hr;4;1;1;0;7;T;1;1;0;1;Midgut;No;;
230207 Flybow HS 0302 1h 4d;5-3;1 hr;4;3;0;1;21;T;1;0;1;1;Malpighi;No;;
230207 Flybow HS 0302 1h 4d;5-4;1 hr;4;1;0;1;14;T;1;0;1;1;Malpighi;No;;
230207 Flybow HS 0302 1h 4d;5-5;1 hr;4;0;1;1;17;T;0;0;0;1;Malpighi;No;;
230207 Flybow HS 0302 1h 4d;5-6;1 hr;4;1;1;3;22;T;0;0;1;1;Malpighi;No;;
230207 Flybow HS 0302 1h 4d;5-9;1 hr;4;3;2;0;23;T;1;0;0;1;Midgut;No;;
230320 Flybow HS2002 1h 22d post HS;1-2;1 hr;22;1;1;1;9;T;1;0;0;1;Midgut;No;;
230320 Flybow HS2002 1h 22d post HS;1-5;1 hr;22;2;0;1;7;T;1;0;1;1;Midgut;No;;
230320 Flybow HS2002 1h 22d post HS;1-6;1 hr;22;3;0;0;4;T;1;0;0;1;Midgut;No;;
230320 Flybow HS2002 1h 22d post HS;1-7;1 hr;22;2;0;1;2;T;1;0;0;1;Midgut;No;;
230320 Flybow HS2002 1h 22d post HS;2-1;1 hr;22;4;0;5;10;T;0;0;0;1;Midgut;No;;
230320 Flybow HS2002 1h 22d post HS;2-3;1 hr;22;1;0;1;5;T;0;0;0;1;Midgut;No;;
230320 Flybow HS2002 1h 22d post HS;2-5;1 hr;22;2;2;2;11;T;1;1;1;1;Malpighi;No;;
230320 Flybow HS2002 1h 22d post HS;3-1;1 hr;22;6;1;1;8;T;1;0;0;1;Midgut;No;;
230320 Flybow HS2002 1h 22d post HS;3-1 BIS;1 hr;22;6;2;4;7;T;1;1;1;1;Midgut;No;;
230320 Flybow HS2002 1h 22d post HS;3-6;1 hr;22;0;1;1;3;T;0;0;1;1;Midgut;No;;
230320 Flybow HS2002 1h 22d post HS;4-3;1 hr;22;4;0;5;5;T;1;0;1;1;Malpighi;No;;
230320 Flybow HS2002 1h 22d post HS;4-4;1 hr;22;3;1;2;9;T;1;1;0;1;Malpighi;No;;
230320 Flybow HS2002 1h 22d post HS;4-5;1 hr;22;6;2;5;10;T;1;1;1;1;Malpighi;No;;
230320 Flybow HS2002 1h 22d post HS;4-6;1 hr;22;3;4;1;6;T;1;1;0;1;Midgut;No;;
230320 Flybow HS2002 1h 22d post HS;5-1;1 hr;22;0;1;0;7;T;0;0;0;1;Midgut;No;;
230320 Flybow HS2002 1h 22d post HS;5-2;1 hr;22;1;0;0;7;T;1;0;0;1;Midgut;No;;
230320 Flybow HS2002 1h 22d post HS;5-4;1 hr;22;0;0;0;4;T;0;0;0;1;Midgut;No;;
230320 Flybow HS2002 1h 22d post HS;5-5;1 hr;22;1;1;3;10;T;1;1;1;1;Malpighi;No;;
230320 Flybow HS2002 1h 22d post HS;5-6;1 hr;22;1;0;6;5;T;1;0;1;1;Malpighi;No;;
230320 Flybow HS2002 1h 22d post HS;5-8;1 hr;22;2;1;3;5;T;1;0;1;1;Midgut;No;;
230320 Flybow HS2002 1h 22d post HS;6-3;1 hr;22;4;1;0;5;T;1;1;0;1;Midgut;No;;
230320 Flybow HS2002 1h 22d post HS;6-4;1 hr;22;2;2;1;17;T;0;0;0;1;Midgut;No;;
230320 Flybow HS2002 1h 22d post HS;6-6;1 hr;22;3;2;0;6;T;1;1;0;1;Malpighi;No;;
HS 230224 1h30 4d;1-1;1 hr 30 min;4;6;3;4;14;T;1;0;0;1;Midgut;No;;
HS 230224 1h30 4d;1-2;1 hr 30 min;4;7;3;7;12;T;0;1;1;1;Midgut;No;;
HS 230224 1h30 4d;4-1;1 hr 30 min;4;1;0;0;10;T;0;0;0;1;Malpighi;No;;
HS 230224 1h30 4d;5-1;1 hr 30 min;4;7;4;3;9;T;1;1;1;1;Malpighi;No;;
HS 230224 1h30 4d;5-3;1 hr 30 min;4;3;1;1;4;T;1;0;0;1;Midgut;No;;
230102 tests reenforced line 4d;ITA 2-2;2 hr;4;10;4;5;13;T;1;1;1;1;;No;;
230102 tests reenforced line 4d;ITA 2-3;2 hr;4;1;1;0;3;T;1;1;0;1;;No;;
230102 tests reenforced line 4d;ITA 3-1 FINE;2 hr;4;2;2;1;3;T;1;1;1;1;;No;;
230116 Tumors renforced lines 21d selected tumors;ITA 1-1;2 hr;21;1;0;1;1;T;1;0;1;1;;No;;
230116 Tumors renforced lines 21d selected tumors;ITA 1-2;2 hr;21;1;1;0;1;T;1;1;0;1;;No;;
230116 Tumors renforced lines 21d selected tumors;ITA 1-3;2 hr;21;1;1;0;1;T;1;1;0;1;;No;;
230116 Tumors renforced lines 21d selected tumors;ITA 2-1;2 hr;21;1;1;0;1;T;1;1;0;1;;No;;
230116 Tumors renforced lines 21d selected tumors;ITA 2-2;2 hr;21;1;0;1;1;T;1;0;1;1;;No;;
230116 Tumors renforced lines 21d selected tumors;ITA 2-3;2 hr;21;0;0;1;1;T;0;0;1;1;;No;;
230116 Tumors renforced lines 21d selected tumors;ITA 3-1;2 hr;21;0;1;1;1;T;0;1;1;1;;No;;
230116 Tumors renforced lines 21d selected tumors;ITA 3-2;2 hr;21;0;0;0;2;T;0;0;0;1;;No;;
230116 Tumors renforced lines 21d selected tumors;ITA 4-1;2 hr;21;1;1;1;1;T;1;1;1;1;;No;;
230116 Tumors renforced lines 21d selected tumors;ITA 5-1;2 hr;21;1;0;1;1;T;1;0;1;1;;No;;
HS 230207 2h 21d;1-1;2 hr;21;1;1;1;1;T;1;1;1;1;Midgut;No;;
HS 230207 2h 21d;1-2;2 hr;21;3;1;3;4;T;3;1;3;4;Malpighi;No;;
HS 230207 2h 21d;2-1;2 hr;21;1;1;1;1;T;1;0;1;1;Midgut;No;;
HS 230207 2h 21d;2-3;2 hr;21;1;0;1;4;T;1;0;0;1;Midgut;No;;
HS 230207 2h 21d;3-1;2 hr;21;1;0;1;2;T;0;0;1;1;Midgut;No;;
HS 230207 2h 21d;3-2;2 hr;21;1;1;1;2;T;1;1;1;1;Midgut;No;;
HS 230207 2h 21d;3-3;2 hr;21;1;1;1;1;T;1;1;1;1;Midgut;No;;
HS 230207 2h 21d;4-1;2 hr;21;1;0;1;1;T;1;0;1;1;Midgut;No;;
HS 230207 2h 21d;4-3;2 hr;21;0;0;0;1;T;0;0;0;1;Midgut;No;;
HS 230207 2h 21d;4-4;2 hr;21;0;0;0;1;T;0;0;0;1;Midgut;No;;
HS 230207 2h 21d;4-5;2 hr;21;2;0;3;4;T;1;0;1;1;Malpighi;No;;
HS 230207 2h 21d;4-6;2 hr;21;2;0;2;5;T;1;0;1;1;Midgut;No;;
HS 230207 2h 21d;5-2;2 hr;21;2;0;1;3;T;1;0;1;1;Midgut;No;;
HS 230207 2h 21d;5-3;2 hr;21;3;2;2;1;T;1;1;1;1;Malpighi;No;;
HS 230207 2h 21d;5-4;2 hr;21;0;0;0;1;T;0;0;0;1;Midgut;No;;
HS 230207 2h 21d;6-2;2 hr;21;2;1;1;3;T;1;1;1;1;Midgut;No;;
HS 230207 2h 21d;6-3;2 hr;21;0;0;0;3;T;0;0;0;1;Midgut;No;;
HS 230207 2h 21d;6-4;2 hr;21;4;1;3;6;T;1;1;1;1;Malpighi;No;;
HS 230208 2h 21d;1-1;2 hr;21;1;0;3;3;T;0;0;1;1;Midgut;No;;
HS 230208 2h 21d;1-2;2 hr;21;1;1;1;3;T;1;1;1;1;Malpighi;No;;
HS 230208 2h 21d;2-1;2 hr;21;1;1;1;3;T;1;1;1;1;Midgut;No;;
HS 230208 2h 21d;2-2;2 hr;21;1;0;1;1;T;1;0;1;1;Midgut;No;;
HS 230208 2h 21d;2-4;2 hr;21;4;0;4;2;T;1;0;1;1;Malpighi;No;;
HS 230208 2h 21d;2-5;2 hr;21;3;2;3;8;T;1;1;1;1;Midgut;No;;
HS 230208 2h 21d;3-3;2 hr;21;0;1;1;4;T;0;1;1;1;Malpighi;No;;
HS 230208 2h 21d;3-4;2 hr;21;3;1;1;6;T;1;1;1;1;Malpighi;No;;
HS 230208 2h 21d;4-1;2 hr;21;1;0;1;1;T;1;0;1;1;Midgut;No;;
HS 230208 2h 21d;4-3;2 hr;21;2;0;1;2;T;1;0;1;1;Midgut;No;;
HS 230208 2h 21d;5-1;2 hr;21;2;1;2;1;T;1;1;1;1;Midgut;No;;
HS 230208 2h 21d;5-2;2 hr;21;2;1;0;2;T;1;1;0;1;Midgut;No;;
HS 230208 2h 21d;5-3;2 hr;21;4;2;2;4;T;1;1;1;1;Malpighi;No;;
HS 230208 2h 21d;6-2;2 hr;21;4;0;1;5;T;1;0;1;1;Malpighi;No;;
230207 Flybow HS0203 2h 4d;2-1;2 hr;4;4;3;2;4;T;1;0;0;1;Midgut;No;;
230207 Flybow HS0203 2h 4d;6-4;2 hr;4;1;2;1;8;T;0;1;0;1;Midgut;No;;
230207 Flybow HS0203 2h 4d;6-4;2 hr;4;0;0;0;1;T;0;0;0;1;Midgut;2nd tumor of the picture;;
230529 Flybow 31d 2h HS;1-1;2 hr;31;1;1;1;1;T;1;1;1;1;Midgut;No;;
230529 Flybow 31d 2h HS;2-1;2 hr;31;1;0;1;1;T;1;0;1;1;Midgut;No;;
230529 Flybow 31d 2h HS;3-1;2 hr;31;1;1;1;1;T;1;1;1;1;Midgut;No;;
230529 Flybow 31d 2h HS;3-2;2 hr;31;1;0;1;1;T;1;0;1;1;Malpighi;No;;
230529 Flybow 31d 2h HS;4-1;2 hr;31;1;1;1;1;T;1;1;1;1;Midgut;No;;
230529 Flybow 31d 2h HS;4-2;2 hr;31;1;1;1;1;T;1;1;1;1;Malpighi;No;;
230529 Flybow 31d 2h HS;5-1;2 hr;31;1;1;1;1;T;1;1;1;1;Malpighi;No;;
230529 Flybow 31d 2h HS;5-2;2 hr;31;1;1;1;1;T;1;1;1;1;Midgut;No;;
230529 Flybow 31d 2h HS;6-1;2 hr;31;1;1;1;1;T;1;1;1;1;Malpighi;No;;
230529 Flybow 31d 2h HS;6-2;2 hr;31;1;1;1;1;T;1;1;1;1;Midgut;No;;
230529 Flybow 31d 2h HS;7-1;2 hr;31;1;1;1;1;T;1;1;1;1;Midgut;No;;
230529 Flybow 31d 2h HS;9-1;2 hr;31;1;1;1;1;T;1;1;1;1;Malpighi;No;;
230529 Flybow 31d 2h HS;9-2;2 hr;31;1;1;1;1;T;1;1;1;1;Midgut;No;;
230529 Flybow 31d 2h HS;10-1;2 hr;31;1;1;1;1;T;1;1;1;1;Midgut;No;;
230529 Flybow 31d 2h HS;11-1;2 hr;31;1;1;1;1;T;1;1;1;1;Midgut;No;;
230529 Flybow 31d 2h HS;12-1;2 hr;31;1;1;1;1;T;1;1;1;1;Malpighi;No;;
230529 Flybow 31d 2h HS;12-2;2 hr;31;1;0;1;1;T;1;0;1;1;Malpighi;No;;
230529 Flybow 31d 2h HS;12-3;2 hr;31;1;1;1;1;T;0;1;0;1;Midgut;No;;
230529 Flybow 31d 2h HS;14-1;2 hr;31;1;1;1;1;T;0;0;0;1;Midgut;No;;
230529 Flybow 31d 2h HS;15-1;2 hr;31;1;0;1;1;T;1;0;1;1;Midgut;No;;
230529 Flybow 31d 2h HS;16-1;2 hr;31;1;1;1;1;T;1;1;1;1;Malpighi;No;;
230529 Flybow 31d 2h HS;17-1;2 hr;31;1;0;1;1;T;1;0;1;1;Malpighi;No;;
230529 Flybow 31d 2h HS;18-1;2 hr;31;1;1;1;1;T;1;1;1;1;Malpighi;No;;
230529 Flybow 31d 2h HS;13-1 sbcf;2 hr;31;1;1;1;1;T;1;1;1;1;Malpighi;No;;
230224 countings flybow 4d post HS 30 min;1-1;30 min;4;0;0;1;1;T;0;0;1;1;;No;;
230224 countings flybow 4d post HS 30 min;1-1 bis;30 min;4;0;0;0;2;T;0;0;0;1;;No;;
230224 countings flybow 4d post HS 30 min;1-7;30 min;4;0;0;0;3;T;0;0;0;1;;No;;
230224 countings flybow 4d post HS 30 min;1-7 bis;30 min;4;0;0;0;2;T;0;0;0;1;;No;;
230224 countings flybow 4d post HS 30 min;2-1;30 min;4;1;0;0;6;T;1;0;0;1;;No;;
230224 countings flybow 4d post HS 30 min;2-6;30 min;4;0;1;0;11;T;0;1;0;1;;No;;
230224 countings flybow 4d post HS 30 min;2-6 bis;30 min;4;0;0;0;8;T;0;0;0;1;;No;;
230224 countings flybow 4d post HS 30 min;4-1;30 min;4;0;0;0;3;T;0;0;0;1;;No;;
230320 Flybow HS1902 30min prepared on 230317 ie 26d;3-1;30 min;26;0;0;0;5;T;0;0;0;1;Malpighi;No;;
230320 Flybow HS1902 30min prepared on 230317 ie 26d;3-2;30 min;26;0;0;0;6;T;0;0;0;1;Malpighi;No;;
230320 Flybow HS1902 30min prepared on 230317 ie 26d;3-7;30 min;26;0;0;0;18;T;0;0;0;1;Midgut;No;;
230320 Flybow HS1902 30min prepared on 230317 ie 26d;3-8;30 min;26;4;0;0;17;T;1;0;0;1;Midgut;No;;
230320 Flybow HS1902 30min prepared on 230317 ie 26d;4-1;30 min;26;1;1;1;1;T;1;1;1;1;Midgut;No;;
230320 Flybow HS1902 30min prepared on 230317 ie 26d;4-2;30 min;26;1;1;1;1;T;1;0;1;1;Midgut;No;;
230320 Flybow HS1902 30min prepared on 230317 ie 26d;4-3;30 min;26;0;0;1;1;T;0;0;1;1;Midgut;No;;
230320 Flybow HS1902 30min 23d post HS;2-1;30 min;23;0;0;0;4;T;0;0;0;1;Midgut;No;;
230320 Flybow HS1902 30min 23d post HS;4-1;30 min;23;0;0;0;1;T;0;0;0;1;Midgut;No;;
230320 Flybow HS1902 30min 23d post HS;6-1;30 min;23;1;0;2;20;T;0;0;1;1;Malpighi;No;;
230320 Flybow HS1902 30min 23d post HS;8-1;30 min;23;0;0;0;11;T;0;0;0;1;Midgut;No;;
230320 Flybow HS1902 30min 23d post HS;9-3;30 min;23;1;0;0;3;T;0;0;0;1;Malpighi;No;;
230320 Flybow HS1902 30min 23d post HS;9-4;30 min;23;0;0;0;3;T;0;0;0;1;Malpighi;No;;
230320 Flybow HS1902 30min 23d post HS;11-3;30 min;23;0;0;0;6;T;0;0;0;1;Malpighi;No;;
230320 Flybow HS1902 30min 23d post HS;11-4;30 min;23;1;0;0;6;T;1;0;0;1;Malpighi;No;;
230320 Flybow HS1902 30min 23d post HS;12-2;30 min;23;0;0;2;9;T;0;0;0;1;Midgut;No;;
230320 Flybow HS1902 30min 23d post HS;12-3;30 min;23;0;0;0;1;T;0;0;0;1;Midgut;No;;
230320 Flybow HS1902 30min 23d post HS;12-4;30 min;23;2;0;10;19;T;1;0;1;1;Malpighi;No;;
230614 Flybow 5d 30min HS selected;1-1;30 min;5;0;0;0;1;T;0;0;0;1;Malpighi;No;;Selected tumors to take out for tumor frequencies !
230614 Flybow 5d 30min HS selected;2-1;30 min;5;1;0;1;1;T;1;0;1;1;Malpighi;No;;Selected tumors to take out for tumor frequencies !
230614 Flybow 5d 30min HS selected;3-1;30 min;5;1;0;0;1;T;1;0;0;1;Malpighi;No;;Selected tumors to take out for tumor frequencies !
230614 Flybow 6d post HS 30 min;1-1;30 min;6;1;0;1;1;T;1;0;1;1;Midgut;No;;Selected tumors to take out for tumor frequencies !
230614 Flybow 6d post HS 30 min;2-1;30 min;6;0;0;0;1;T;0;0;0;1;Malpighi;No;;Selected tumors to take out for tumor frequencies !
230614 Flybow 6d post HS 30 min;3-1;30 min;6;1;0;1;1;T;1;0;1;1;Midgut;No;;Selected tumors to take out for tumor frequencies !
230614 Flybow HS2905 30min 8d post HS selected tumors;1-1;30 min;8;1;0;0;1;T;1;0;0;1;Midgut;No;;Selected tumors to take out for tumor frequencies !
230614 Flybow HS2905 30min 8d post HS selected tumors;2-1;30 min;8;1;0;1;1;T;1;0;1;1;Midgut;No;;Selected tumors to take out for tumor frequencies !
230614 Flybow HS2905 30min 8d post HS selected tumors;3-1;30 min;8;1;1;1;1;T;1;1;1;1;Malpighi;No;;Selected tumors to take out for tumor frequencies !
230614 Flybow HS2905 30min 8d post HS selected tumors;4-1;30 min;8;0;0;0;1;T;0;0;0;1;Malpighi;No;;Selected tumors to take out for tumor frequencies !
230614 Flybow HS2905 30min 8d post HS selected tumors;4-2;30 min;8;1;1;1;1;T;1;1;1;1;Midgut;No;;Selected tumors to take out for tumor frequencies !
230615 Flybow 7d 2h HS selected;1-1;2 hr;7;1;1;1;1;T;1;1;1;1;Midgut;No;;Selected tumors to take out for tumor frequencies !
230615 Flybow 7d 2h HS selected;2-1;2 hr;7;1;1;1;1;T;1;1;1;1;Midgut;No;;Selected tumors to take out for tumor frequencies !
230615 Flybow 7d 2h HS selected;3-1;2 hr;7;1;0;1;1;T;1;0;1;1;Midgut;No;;Selected tumors to take out for tumor frequencies !
230615 Flybow 7d 2h HS selected;4-1;2 hr;7;2;2;4;19;F;0;0;0;0;Midgut;No;;Selected tumors to take out for tumor frequencies !
230615 Flybow 7d 2h HS selected;5-1;2 hr;7;1;1;1;1;T;1;1;1;1;Malpighi;No;;Selected tumors to take out for tumor frequencies !
230615 Flybow 7d 2h HS selected;6-1;2 hr;7;5;0;3;20;T;1;0;1;1;Malpighi;No;;Selected tumors to take out for tumor frequencies !
230615 Flybow 7d 2h HS selected;7-1;2 hr;7;2;1;3;7;F;0;0;0;0;Midgut;No;;Selected tumors to take out for tumor frequencies !
230615 Flybow 7d 2h HS selected;8-1;2 hr;7;1;1;1;1;T;1;1;1;1;Midgut;No;;Selected tumors to take out for tumor frequencies !
230615 Flybow 7d 2h HS selected;9-1;2 hr;7;1;0;3;20;T;0;0;0;1;Midgut;No;;Selected tumors to take out for tumor frequencies !
230615 Flybow 7d 2h HS selected;10-1;2 hr;7;2;0;4;2;F;0;0;0;0;Midgut;No;;Selected tumors to take out for tumor frequencies !
230615 Flybow 7d 2h HS selected;11-1;2 hr;7;3;0;3;5;T;1;0;1;1;Midgut;No;;Selected tumors to take out for tumor frequencies !
230615 Flybow no HS 24d;1-1;no;24;1;0;1;1;T;1;0;1;1;Midgut;No;;Selected tumors to take out for tumor frequencies !
230615 Flybow no HS 24d;1-2;no;24;1;0;1;1;T;1;0;1;1;Midgut;No;;Selected tumors to take out for tumor frequencies !
230615 Flybow no HS 24d;2-1;no;24;1;0;1;1;T;1;0;1;1;Midgut;No;;Selected tumors to take out for tumor frequencies !
230615 Flybow no HS 24d;3-1;no;24;1;0;0;1;T;1;0;0;1;Midgut;No;;Selected tumors to take out for tumor frequencies !
230615 Flybow no HS 24d;4-1;no;24;0;0;0;1;T;0;0;0;1;Midgut;No;;Selected tumors to take out for tumor frequencies !
230615 Flybow no HS 24d;5-1;no;24;1;0;1;1;T;1;0;1;1;Midgut;No;;Selected tumors to take out for tumor frequencies !
230615 Flybow no HS 24d;6-1;no;24;1;0;0;1;T;1;0;0;1;Midgut;No;;Selected tumors to take out for tumor frequencies !
230615 Flybow no HS 24d;6-2;no;24;0;0;0;1;T;0;0;0;1;Midgut;No;;Selected tumors to take out for tumor frequencies !
230615 Flybow no HS 24d;7-1;no;24;1;0;1;1;T;1;0;1;1;Midgut;No;;Selected tumors to take out for tumor frequencies !
230615 Flybow no HS 24d;8-1;no;24;1;0;1;1;T;1;0;1;1;Midgut;No;;Selected tumors to take out for tumor frequencies !
230615 Flybow no HS 24d;9-1;no;24;1;0;1;1;T;1;0;1;1;Midgut;No;;Selected tumors to take out for tumor frequencies !
230628 Flybow 5d 2h HS2306;1-1;2 hr;5;1;0;1;1;T;0;0;1;1;Midgut;No;;Selected tumors to take out for tumor frequencies !
230628 Flybow 5d 2h HS2307;2-1;2 hr;5;1;1;1;1;T;1;1;1;1;Midgut;No;;Selected tumors to take out for tumor frequencies !
230628 Flybow 5d 2h HS2308;2-2;2 hr;5;1;1;1;1;F;0;0;0;0;Midgut;No;;Selected tumors to take out for tumor frequencies !
230628 Flybow 5d 2h HS2309;3-1;2 hr;5;3;2;5;13;T;1;0;0;1;Midgut;No;;Selected tumors to take out for tumor frequencies !
230628 Flybow 5d 2h HS2310;3-2;2 hr;5;12;3;5;12;F;0;0;0;0;Midgut;No;;Selected tumors to take out for tumor frequencies !
230628 Flybow 5d 2h HS2311;4-1;2 hr;5;5;3;2;7;F;0;0;0;0;Midgut;No;;Selected tumors to take out for tumor frequencies !
230628 Flybow 5d 2h HS2312;4-2;2 hr;5;5;1;1;13;F;0;0;0;0;Midgut;No;;Selected tumors to take out for tumor frequencies !
230628 Flybow 5d 2h HS2313;5-1;2 hr;5;7;6;5;27;F;0;0;0;0;Midgut;No;;Selected tumors to take out for tumor frequencies !
230628 Flybow 5d 2h HS2314;5-2;2 hr;5;8;1;4;6;F;0;0;0;0;Midgut;No;;Selected tumors to take out for tumor frequencies !
230628 Flybow 5d 2h HS2315;5-3;2 hr;5;9;2;7;11;F;0;0;0;0;Midgut;No;;Selected tumors to take out for tumor frequencies !
230628 Flybow 5d 2h HS2316;6-1;2 hr;5;4;2;2;9;F;0;0;0;0;Midgut;No;;Selected tumors to take out for tumor frequencies !
230628 Flybow 5d 2h HS2317;6-2;2 hr;5;8;2;2;16;F;0;0;0;0;Midgut;No;;Selected tumors to take out for tumor frequencies !
230628 Flybow 5d 2h HS2318;7-1;2 hr;5;1;1;2;19;F;0;0;0;0;Midgut;No;;Selected tumors to take out for tumor frequencies !
230628 Flybow 5d 2h HS2319;7-2;2 hr;5;1;7;4;8;T;1;1;1;1;Midgut;No;;Selected tumors to take out for tumor frequencies !
230628 Flybow 5d 2h HS2320;8-1;2 hr;5;3;1;1;7;F;0;0;0;0;Midgut;No;;Selected tumors to take out for tumor frequencies !
230628 Flybow 5d 2h HS2321;9-1;2 hr;5;5;1;2;19;T;1;1;1;1;Midgut;No;;Selected tumors to take out for tumor frequencies !
230628 Flybow 5d 2h HS2322;10-1;2 hr;5;8;3;3;7;F;0;0;0;0;Midgut;No;;Selected tumors to take out for tumor frequencies !
230628 Flybow 5d 2h HS2323;10-2;2 hr;5;6;4;5;17;F;0;0;0;0;Midgut;No;;Selected tumors to take out for tumor frequencies !
230628 Flybow 5d 2h HS2324;11-1;2 hr;5;1;3;0;4;F;0;0;0;0;Midgut;No;;Selected tumors to take out for tumor frequencies !
230628 Flybow 5d 2h HS2325;12-1;2 hr;5;1;5;1;5;T;0;0;0;1;Midgut;No;;Selected tumors to take out for tumor frequencies !
230628 Flybow 5d 2h HS2326;13-1;2 hr;5;1;0;0;0;F;1;0;0;0;Midgut;No;;Selected tumors to take out for tumor frequencies !
230628 Flybow 5d 2h HS2327;14-1;2 hr;5;6;5;5;15;T;1;1;1;1;Midgut;No;;Selected tumors to take out for tumor frequencies !
230628 Flybow 5d 2h HS2328;15-1;2 hr;5;6;3;7;10;F;0;0;0;0;Midgut;No;;Selected tumors to take out for tumor frequencies !
230628 Flybow 5d 2h HS2329;15-2;2 hr;5;3;4;3;9;F;0;0;0;0;Midgut;No;;Selected tumors to take out for tumor frequencies !
230628 Flybow 5d 2h HS2330;16-1;2 hr;5;5;0;3;15;F;0;0;0;0;Midgut;No;;Selected tumors to take out for tumor frequencies !
230628 Flybow 5d 2h HS2331;16-2;2 hr;5;7;3;5;8;F;0;0;0;0;Midgut;No;;Selected tumors to take out for tumor frequencies !
230628 Flybow 5d 2h HS2332;17-1;2 hr;5;7;4;8;16;F;0;0;0;0;Midgut;No;;Selected tumors to take out for tumor frequencies !
230628 Flybow 5d 2h HS2333;17-2;2 hr;5;4;1;5;9;F;0;0;0;0;Midgut;No;;Selected tumors to take out for tumor frequencies !
230628 Flybow 5d 2h HS2334;18-1;2 hr;5;2;0;1;1;T;1;0;1;1;Malpighi;No;;Selected tumors to take out for tumor frequencies !
230628 Flybow 5d 2h HS2335;19-1;2 hr;5;3;0;1;7;F;0;0;0;0;Midgut;No;;Selected tumors to take out for tumor frequencies !
230628 Flybow 5d 2h HS2336;19-2;2 hr;5;3;0;2;11;F;0;0;0;0;Midgut;No;;Selected tumors to take out for tumor frequencies !
230628 Flybow 5d 2h HS2337;20-1;2 hr;5;6;1;3;6;F;0;0;0;0;Midgut;No;;Selected tumors to take out for tumor frequencies !
230628 Flybow 5d 2h HS2338;20-2;2 hr;5;8;1;6;6;F;0;0;0;0;Midgut;No;;Selected tumors to take out for tumor frequencies !
230628 Flybow 5d 2h HS2339;21-1;2 hr;5;2;1;5;7;F;0;0;0;0;Midgut;No;;Selected tumors to take out for tumor frequencies !
230628 Flybow 5d 2h HS2340;22-1;2 hr;5;10;2;9;7;F;0;0;0;0;Midgut;No;;Selected tumors to take out for tumor frequencies !
230628 Flybow 5d 2h HS2341;23-1;2 hr;5;16;3;2;15;T;1;1;1;1;Midgut;No;;Selected tumors to take out for tumor frequencies !
230628 Flybow 5d 2h HS2342;24-1;2 hr;5;10;1;2;11;F;0;0;0;0;Midgut;No;;Selected tumors to take out for tumor frequencies !
230628 Flybow 5d 2h HS2343;25-1;2 hr;5;5;2;4;28;T;1;1;0;1;Midgut;No;;Selected tumors to take out for tumor frequencies !
230628 Flybow 5d 2h HS2344;25-2;2 hr;5;7;1;6;5;F;0;0;0;0;Midgut;No;;Selected tumors to take out for tumor frequencies !
230630 290523 HS0506 2H 24d Flybow;1-1;2 hr;24;1;1;1;1;T;1;0;0;1;Malpighi;No;;Selected tumors to take out for tumor frequencies !
230630 290523 HS0506 2H 24d Flybow;2-1;2 hr;24;4;0;1;5;T;1;0;0;1;Midgut;No;;Selected tumors to take out for tumor frequencies !
230630 290523 HS0506 2H 24d Flybow;2-2;2 hr;24;3;1;6;7;T;1;0;1;1;Malpighi;No;;Selected tumors to take out for tumor frequencies !
230630 290523 HS0506 2H 24d Flybow;2-3;2 hr;24;1;0;1;8;T;0;0;1;1;Malpighi;No;;Selected tumors to take out for tumor frequencies !
230630 290523 HS0506 2H 24d Flybow;3-1;2 hr;24;3;1;5;9;T;1;0;1;1;Midgut;No;;Selected tumors to take out for tumor frequencies !
230630 290523 HS0506 2H 24d Flybow;3-2;2 hr;24;2;0;1;4;T;1;0;1;1;Malpighi;No;;Selected tumors to take out for tumor frequencies !
230630 290523 HS0506 2H 24d Flybow;4-1;2 hr;24;1;1;1;1;T;1;1;1;1;Malpighi;No;;Selected tumors to take out for tumor frequencies !
230630 290523 HS0506 2H 24d Flybow;5-1;2 hr;24;5;2;1;9;T;1;0;0;0;Midgut;No;;Selected tumors to take out for tumor frequencies !
230630 290523 HS0506 2H 24d Flybow;6-1;2 hr;24;1;0;0;7;T;0;0;0;1;Malpighi;No;;Selected tumors to take out for tumor frequencies !
230630 290523 HS0506 2H 24d Flybow;6-2;2 hr;24;0;0;0;5;T;0;0;0;1;Midgut;No;;Selected tumors to take out for tumor frequencies !
230630 290523 HS0506 2H 24d Flybow;7-1;2 hr;24;3;1;2;11;T;1;1;1;1;Midgut;No;;Selected tumors to take out for tumor frequencies !
230630 290523 HS0506 2H 24d Flybow;8-1;2 hr;24;2;1;1;7;T;1;0;0;1;Malpighi;No;;Selected tumors to take out for tumor frequencies !
230630 290523 HS0506 2H 24d Flybow;8-2;2 hr;24;3;0;3;1;T;1;0;1;1;Midgut;No;;Selected tumors to take out for tumor frequencies !
230630 290523 HS0506 2H 24d Flybow;9-1 bis;2 hr;24;5;0;0;7;T;1;0;0;1;Midgut;No;;Selected tumors to take out for tumor frequencies !
230630 290523 HS0506 2H 24d Flybow;10-1;2 hr;24;5;0;3;1;T;1;0;1;1;Midgut;No;;Selected tumors to take out for tumor frequencies !
230630 290523 HS0506 2H 24d Flybow;11-1;2 hr;24;2;1;2;20;T;1;1;1;1;Midgut;No;;Selected tumors to take out for tumor frequencies !
230630 290523 HS0506 2H 24d Flybow;11-2;2 hr;24;1;1;0;4;F;0;0;0;0;Midgut;No;;Selected tumors to take out for tumor frequencies !
230630 290523 HS0506 2H 24d Flybow;12-1;2 hr;24;1;0;0;6;F;0;0;0;0;Malpighi;No;;Selected tumors to take out for tumor frequencies !
230630 290523 HS0506 2H 24d Flybow;13-1;2 hr;24;7;0;4;8;T;1;0;1;1;Midgut;No;;Selected tumors to take out for tumor frequencies !
230630 290523 HS0506 2H 24d Flybow;13-2;2 hr;24;1;1;0;3;F;0;0;0;0;Midgut;No;;Selected tumors to take out for tumor frequencies !
230630 prep 290623 HS2506 2H 35d Flybow ;1-1;2 hr;35;4;2;2;9;T;1;1;1;1;Midgut;No;;Selected tumors to take out for tumor frequencies !
230630 prep 290623 HS2506 2H 35d Flybow ;1-2;2 hr;35;10;0;6;9;T;1;0;0;1;Midgut;No;;Selected tumors to take out for tumor frequencies !
230630 prep 290623 HS2506 2H 35d Flybow ;1-3;2 hr;35;2;6;4;5;F;0;0;0;0;Midgut;No;;Selected tumors to take out for tumor frequencies !
230630 prep 290623 HS2506 2H 35d Flybow ;2-1;2 hr;35;1;0;2;10;T;0;0;0;1;Midgut;No;;Selected tumors to take out for tumor frequencies !
230630 prep 290623 HS2506 2H 35d Flybow ;2-2;2 hr;35;4;1;2;6;T;1;0;0;1;Midgut;No;;Selected tumors to take out for tumor frequencies !
230630 prep 290623 HS2506 2H 35d Flybow ;3-1;2 hr;35;0;0;0;10;T;0;0;0;1;Midgut;No;;Selected tumors to take out for tumor frequencies !
230630 prep 290623 HS2506 2H 35d Flybow ;3-2;2 hr;35;1;2;5;6;F;0;0;0;0;Midgut;No;;Selected tumors to take out for tumor frequencies !
230630 prep 290623 HS2506 2H 35d Flybow ;3-3;2 hr;35;5;0;4;7;T;1;0;1;1;Malpighi;No;;Selected tumors to take out for tumor frequencies !
230630 prep 290623 HS2506 2H 35d Flybow ;4-1;2 hr;35;0;3;0;4;F;0;0;0;0;Malpighi;No;;Selected tumors to take out for tumor frequencies !
230630 prep 290623 HS2506 2H 35d Flybow ;5-1;2 hr;35;2;0;1;7;T;1;0;0;1;Midgut;No;;Selected tumors to take out for tumor frequencies !
230630 prep 290623 HS2506 2H 35d Flybow ;6-1;2 hr;35;2;0;1;4;T;1;0;1;1;Midgut;No;;Selected tumors to take out for tumor frequencies !
230630 prep 290623 HS2506 2H 35d Flybow ;7-1;2 hr;35;1;0;6;9;T;0;0;1;1;Midgut;No;;Selected tumors to take out for tumor frequencies !
230630 prep 290623 HS2506 2H 35d Flybow ;7-2;2 hr;35;2;0;0;7;F;0;0;0;0;Midgut;No;;Selected tumors to take out for tumor frequencies !
230630 prep 290623 HS2506 2H 35d Flybow ;8-1;2 hr;35;1;0;1;10;F;0;0;0;0;Midgut;No;;Selected tumors to take out for tumor frequencies !
230630 prep 290623 HS2506 2H 35d Flybow ;8-2;2 hr;35;2;0;2;5;T;1;0;1;1;Midgut;No;;Selected tumors to take out for tumor frequencies !
230630 prep 290623 HS2506 2H 35d Flybow ;8-3;2 hr;35;2;2;2;11;F;0;0;0;0;Malpighi;No;;Selected tumors to take out for tumor frequencies !
230630 prep 290623 HS2506 2H 35d Flybow ;9-1;2 hr;35;2;2;2;10;T;1;1;1;1;Midgut;No;;Selected tumors to take out for tumor frequencies !
230630 prep 290623 HS2506 2H 35d Flybow ;10-1;2 hr;35;0;1;1;10;T;0;1;1;1;Midgut;No;;Selected tumors to take out for tumor frequencies !
230630 prep 290623 HS2506 2H 35d Flybow ;11-1;2 hr;35;2;1;2;4;T;1;0;1;1;Midgut;No;;Selected tumors to take out for tumor frequencies !
230630 prep 290623 HS2506 2H 35d Flybow ;12-1;2 hr;35;1;4;3;2;T;1;1;1;1;Midgut;No;;Selected tumors to take out for tumor frequencies !
230630 prep 290623 HS2506 2H 35d Flybow ;12-2;2 hr;35;3;7;2;7;T;1;1;1;1;Midgut;No;;Selected tumors to take out for tumor frequencies !
230630 prep 290623 HS2506 2H 35d Flybow ;13-1;2 hr;35;4;1;5;7;T;1;1;1;1;Malpighi;No;;Selected tumors to take out for tumor frequencies !
230630 prep 290623 HS2506 2H 35d Flybow ;14-1;2 hr;35;2;1;2;15;T;1;1;1;1;Malpighi;No;;Selected tumors to take out for tumor frequencies !
230630 prep 290623 HS2506 2H 35d Flybow ;14-2;2 hr;35;0;0;0;3;T;0;0;0;1;Midgut;No;;Selected tumors to take out for tumor frequencies !
230630 prep 290623 HS2506 2H 35d Flybow ;15-1;2 hr;35;6;0;3;9;T;1;0;0;1;Midgut;No;;Selected tumors to take out for tumor frequencies !
230630 prep 290623 HS2905 2H 31d Flybow;1-1;2 hr;31;3;1;3;5;T;1;1;1;1;Midgut;No;;Selected tumors to take out for tumor frequencies !
230630 prep 290623 HS2905 2H 31d Flybow;1-2;2 hr;31;6;0;4;19;T;1;0;1;1;Malpighi;No;;Selected tumors to take out for tumor frequencies !
230630 prep 290623 HS2905 2H 31d Flybow;2-1;2 hr;31;2;0;2;2;T;1;0;1;1;Midgut;No;;Selected tumors to take out for tumor frequencies !
230630 prep 290623 HS2905 2H 31d Flybow;3-1;2 hr;31;0;1;2;7;T;0;0;1;1;Malpighi;No;;Selected tumors to take out for tumor frequencies !
230630 prep 290623 HS2905 2H 31d Flybow;3-2;2 hr;31;1;0;6;6;T;1;0;1;1;Midgut;No;;Selected tumors to take out for tumor frequencies !
230630 prep 290623 HS2905 2H 31d Flybow;4-1;2 hr;31;1;0;2;2;T;1;0;1;1;Midgut;No;;Selected tumors to take out for tumor frequencies !
230630 prep 290623 HS2905 2H 31d Flybow;4-2;2 hr;31;4;0;4;5;T;1;0;1;1;Midgut;No;;Selected tumors to take out for tumor frequencies !
230630 prep 290623 HS2905 2H 31d Flybow;4-3;2 hr;31;2;0;2;6;F;0;0;0;0;Midgut;No;;Selected tumors to take out for tumor frequencies !
230630 prep 290623 HS2905 2H 31d Flybow;5-1;2 hr;31;2;0;4;5;T;1;0;1;1;Malpighi;No;;Selected tumors to take out for tumor frequencies !
230630 prep 290623 HS2905 2H 31d Flybow;6-1;2 hr;31;1;0;3;6;T;0;0;0;1;Malpighi;No;;Selected tumors to take out for tumor frequencies !
230630 prep 290623 HS2905 2H 31d Flybow;6-2;2 hr;31;1;0;5;1;T;1;0;1;1;Midgut;No;;Selected tumors to take out for tumor frequencies !
230630 prep 290623 HS2905 2H 31d Flybow;7-1;2 hr;31;7;0;4;4;T;1;0;1;1;Midgut;No;;Selected tumors to take out for tumor frequencies !
230630 prep 290623 HS2905 2H 31d Flybow;7-2;2 hr;31;3;0;4;6;T;1;0;0;1;Midgut;No;;Selected tumors to take out for tumor frequencies !
230630 prep 290623 HS2905 2H 31d Flybow;8-1;2 hr;31;2;0;9;5;T;1;0;1;1;Midgut;No;;Selected tumors to take out for tumor frequencies !
230630 prep 290623 HS2905 2H 31d Flybow;8-2;2 hr;31;5;0;5;10;T;1;0;1;1;Midgut;No;;Selected tumors to take out for tumor frequencies !
230630 prep 290623 HS2905 2H 31d Flybow;8-3;2 hr;31;2;2;4;6;F;0;0;0;0;Malpighi;No;;Selected tumors to take out for tumor frequencies !
230630 prep 290623 HS2905 2H 31d Flybow;9-1;2 hr;31;1;0;6;6;T;0;0;1;1;Midgut;No;;Selected tumors to take out for tumor frequencies !
230709 mounted on 230630 HS2405 37d 2h Flybow;1-1;2 hr;37;1;0;6;19;T;0;0;0;1;Midgut;No;;Selected tumors to take out for tumor frequencies !
230709 mounted on 230630 HS2405 37d 2h Flybow;2-1;2 hr;37;1;0;2;3;T;1;0;1;1;Midgut;No;;Selected tumors to take out for tumor frequencies !
230709 mounted on 230630 HS2405 37d 2h Flybow;3-1;2 hr;37;2;1;1;4;T;1;0;0;1;Midgut;No;;Selected tumors to take out for tumor frequencies !
230709 mounted on 230630 HS2405 37d 2h Flybow;4-1;2 hr;37;3;1;3;2;T;1;1;1;1;Midgut;No;;Selected tumors to take out for tumor frequencies !
230709 mounted on 230630 HS2405 37d 2h Flybow;4-2;2 hr;37;1;0;1;3;T;1;0;1;1;Midgut;No;;Selected tumors to take out for tumor frequencies !
230709 mounted on 230630 HS2405 37d 2h Flybow;5-1;2 hr;37;5;0;3;5;T;1;0;0;1;Midgut;No;;Selected tumors to take out for tumor frequencies !
230709 mounted on 230630 HS2405 37d 2h Flybow;5-2;2 hr;37;4;1;3;3;T;1;0;1;0;Midgut;No;;Selected tumors to take out for tumor frequencies !
230709 mounted on 230630 HS2405 37d 2h Flybow;6-1;2 hr;37;3;2;1;2;T;1;1;1;1;Midgut;No;;Selected tumors to take out for tumor frequencies !
230709 mounted on 230630 HS2405 37d 2h Flybow;6-2;2 hr;37;2;1;2;3;T;1;1;1;1;Midgut;No;;Selected tumors to take out for tumor frequencies !
230709 mounted on 230630 HS2405 37d 2h Flybow;7-1;2 hr;37;1;0;1;4;T;0;0;0;1;Midgut;No;;Selected tumors to take out for tumor frequencies !
230709 mounted on 230630 HS2405 37d 2h Flybow;8-1;2 hr;37;4;0;4;5;T;1;0;1;1;Midgut;No;;Selected tumors to take out for tumor frequencies !
230709 mounted on 230630 HS2405 37d 2h Flybow;9-1;2 hr;37;4;0;3;5;T;0;0;0;1;Malpighi;No;;Selected tumors to take out for tumor frequencies !
230709 mounted on 230630 HS2405 37d 2h Flybow;10-1;2 hr;37;4;0;2;4;T;1;0;1;1;Midgut;No;;Selected tumors to take out for tumor frequencies !
230709 mounted on 230630 HS2405 37d 2h Flybow;10-2;2 hr;37;0;0;4;0;T;0;0;1;0;Midgut;No;;Selected tumors to take out for tumor frequencies !
230709 mounted on 230707 Flybow 4d 2h;1-1;2 hr;4;3;3;3;5;F;0;0;0;0;Midgut;No;;Selected tumors to take out for tumor frequencies !
230709 mounted on 230707 Flybow 4d 2h;1-2;2 hr;4;10;7;12;7;T;1;0;1;1;Midgut;No;;Selected tumors to take out for tumor frequencies !
230709 mounted on 230707 Flybow 4d 2h;3-1;2 hr;4;6;4;3;7;T;1;1;1;1;Midgut;No;;Selected tumors to take out for tumor frequencies !
230709 mounted on 230707 Flybow 4d 2h;4-1;2 hr;4;2;1;3;3;T;1;1;1;1;Malpighi;No;;Selected tumors to take out for tumor frequencies !
230709 mounted on 230707 Flybow 4d 2h;5-1;2 hr;4;3;5;3;7;T;1;1;1;1;Midgut;No;;Selected tumors to take out for tumor frequencies !
230709 mounted on 230707 Flybow 4d 2h;5-2;2 hr;4;4;0;5;6;T;1;0;1;1;Midgut;No;;Selected tumors to take out for tumor frequencies !
230709 mounted on 230707 Flybow 4d 2h;5-3;2 hr;4;7;4;6;15;T;1;1;1;1;Malpighi;No;;Selected tumors to take out for tumor frequencies !
230709 mounted on 230707 Flybow 4d 2h;6-1;2 hr;4;1;0;0;0;F;0;0;0;0;Midgut;No;;Selected tumors to take out for tumor frequencies !
230709 mounted on 230707 Flybow 4d 2h;7-1;2 hr;4;0;0;0;5;T;0;0;0;1;Malpighi;No;;Selected tumors to take out for tumor frequencies !
230709 mounted on 230707 Flybow 4d 2h;8-1;2 hr;4;2;0;3;0;T;1;0;1;0;Midgut;No;;Selected tumors to take out for tumor frequencies !
230709 mounted on 230707 Flybow 4d 2h;9-1;2 hr;4;1;0;2;4;F;0;0;0;0;Midgut;No;;Selected tumors to take out for tumor frequencies !
230709 mounted on 230707 Flybow 4d 2h;10-1;2 hr;4;2;0;1;5;T;1;0;0;1;Midgut;No;;Selected tumors to take out for tumor frequencies !
230709 mounted on 230707 Flybow 4d 2h;11-1;2 hr;4;2;2;1;2;T;1;1;1;1;Malpighi;No;;Selected tumors to take out for tumor frequencies !
230709 mounted on 230707 Flybow 4d 2h;12-1;2 hr;4;2;0;0;12;T;1;0;0;1;Midgut;No;;Selected tumors to take out for tumor frequencies !
230709 mounted on 230707 Flybow 4d 2h;13-1;2 hr;4;0;1;1;10;F;0;0;0;0;Midgut;No;;Selected tumors to take out for tumor frequencies !
230709 mounted on 230707 Flybow 4d 2h;14-1;2 hr;4;2;0;1;3;F;0;0;0;0;Midgut;No;;Selected tumors to take out for tumor frequencies !
230709 mounted on 230707 Flybow 4d 2h;15-1;2 hr;4;4;0;2;4;T;1;0;1;1;Midgut;No;;Selected tumors to take out for tumor frequencies !
230709 mounted on 230707 Flybow 4d 2h;16-1;2 hr;4;0;0;1;15;F;0;0;0;0;Midgut;No;;Selected tumors to take out for tumor frequencies !
230709 mounted on 230707 Flybow 4d 2h;17-1;2 hr;4;2;1;0;4;T;1;1;0;1;Midgut;No;;Selected tumors to take out for tumor frequencies !
230709 mounted on 230707 Flybow 4d 2h;18-1;2 hr;4;2;0;1;8;F;0;0;0;0;Malpighi;No;;Selected tumors to take out for tumor frequencies !
230709 mounted on 230707 Flybow 4d 2h;19-1;2 hr;4;3;3;1;6;T;1;1;1;1;Midgut;No;;Selected tumors to take out for tumor frequencies !
230709 mounted on 230707 Flybow 4d 2h;20-1;2 hr;4;3;1;3;3;T;1;1;1;1;Midgut;No;;Selected tumors to take out for tumor frequencies !
230709 mounted on 230707 Flybow 4d 2h;21-1;2 hr;4;1;0;1;5;F;0;0;0;0;Midgut;No;;Selected tumors to take out for tumor frequencies !
230709 mounted on 230707 Flybow 4d 2h;22-1;2 hr;4;3;0;1;6;F;0;0;0;0;Midgut;No;;Selected tumors to take out for tumor frequencies !
230709 mounted on 230707 Flybow 4d 2h;23-1;2 hr;4;2;1;3;28;F;0;0;0;0;Midgut;No;;Selected tumors to take out for tumor frequencies !
230709 mounted on 230707 Flybow 4d 2h;24-1;2 hr;4;5;3;6;6;T;1;1;1;1;Midgut;No;;Selected tumors to take out for tumor frequencies !
230709 mounted on 230707 Flybow 4d 2h;25-1;2 hr;4;2;0;3;6;T;1;0;1;1;Midgut;No;;Selected tumors to take out for tumor frequencies !
230709 mounted on 230707 Flybow 4d 2h;26-1;2 hr;4;5;2;5;6;T;1;1;1;1;Midgut;No;;Selected tumors to take out for tumor frequencies !
230709 mounted on 230707 Flybow 4d 2h;27-1;2 hr;4;3;2;6;2;T;1;1;1;1;Midgut;No;;Selected tumors to take out for tumor frequencies !
230709 mounted on 230707 Flybow 4d 2h;28-1;2 hr;4;2;0;1;6;F;0;0;0;0;Midgut;No;;Selected tumors to take out for tumor frequencies !
230709 mounted on 230707 Flybow 4d 2h;28-2;2 hr;4;2;2;1;10;F;0;0;0;0;Midgut;No;;Selected tumors to take out for tumor frequencies !
230709 mounted on 230707 Flybow 4d 2h;29-1;2 hr;4;0;0;0;1;T;0;0;0;1;Malpighi;No;;Selected tumors to take out for tumor frequencies !
230720 Flybow selected tumors more than 21d 2H HS;1-1;2 hr;21;5;3;7;20;T;1;1;1;1;Malpighi;No;;Selected tumors to take out for tumor frequencies !
230720 Flybow selected tumors more than 21d 2H HS;2-1;2 hr;21;7;1;5;13;T;1;1;1;1;Malpighi;No;;Selected tumors to take out for tumor frequencies !
230720 Flybow selected tumors more than 21d 2H HS;3-1;2 hr;21;3;0;3;15;T;1;0;1;1;Midgut;No;;Selected tumors to take out for tumor frequencies !
230720 Flybow selected tumors more than 21d 2H HS;4-1;2 hr;21;1;1;1;1;T;1;1;1;1;Midgut;No;;Selected tumors to take out for tumor frequencies !
230720 Flybow selected tumors more than 21d 2H HS;5-1;2 hr;21;1;0;1;1;T;1;0;1;1;Malpighi;No;;Selected tumors to take out for tumor frequencies !
230720 Flybow selected tumors more than 21d 2H HS;6-1;2 hr;21;9;2;8;7;T;1;1;1;1;Midgut;No;;Selected tumors to take out for tumor frequencies !
230720 Flybow selected tumors more than 21d 2H HS;7-1;2 hr;21;10;0;2;1;T;1;0;1;1;Midgut;No;;Selected tumors to take out for tumor frequencies !
230720 Flybow selected tumors more than 21d 2H HS;8-1;2 hr;21;1;0;3;11;T;1;0;0;1;Malpighi;No;;Selected tumors to take out for tumor frequencies !
230720 Flybow selected tumors more than 21d 2H HS;9-1;2 hr;21;1;1;1;1;T;1;1;1;1;Midgut;No;;Selected tumors to take out for tumor frequencies !
230727 21d old selected tumors 2h hs flybow;1;2 hr;21;1;1;1;1;T;1;1;1;1;Midgut;No;;Selected tumors to take out for tumor frequencies !
230727 21d old selected tumors 2h hs flybow;2;2 hr;21;0;0;0;1;T;0;0;0;1;Malpighi;No;;Selected tumors to take out for tumor frequencies !
230727 21d old selected tumors 2h hs flybow;3;2 hr;21;1;0;0;1;T;1;0;0;1;Midgut;No;;Selected tumors to take out for tumor frequencies !
230727 21d old selected tumors 2h hs flybow;4;2 hr;21;0;1;1;1;T;0;1;1;1;Midgut;No;;Selected tumors to take out for tumor frequencies !
230727 21d old selected tumors 2h hs flybow;5;2 hr;21;1;0;1;1;T;1;0;1;1;Midgut;No;;Selected tumors to take out for tumor frequencies !
230727 21d old selected tumors 2h hs flybow;6;2 hr;21;1;0;1;1;T;1;0;1;1;Midgut;No;;Selected tumors to take out for tumor frequencies !
230727 21d old selected tumors 2h hs flybow;7;2 hr;21;1;0;1;0;T;1;0;1;0;Malpighi;No;;Selected tumors to take out for tumor frequencies !
230727 21d old selected tumors 2h hs flybow;8;2 hr;21;1;1;1;1;T;1;1;1;1;Midgut;No;;Selected tumors to take out for tumor frequencies !
230727 21d old selected tumors 2h hs flybow;9;2 hr;21;1;1;1;1;T;1;1;1;1;Midgut;No;;Selected tumors to take out for tumor frequencies !
230727 21d old selected tumors 2h hs flybow;10;2 hr;21;1;1;1;1;T;1;1;1;1;Midgut;No;;Selected tumors to take out for tumor frequencies !
230727 21d old selected tumors 2h hs flybow;11;2 hr;21;1;1;1;1;T;1;1;1;1;Midgut;No;;Selected tumors to take out for tumor frequencies !
230727 21d old selected tumors 2h hs flybow;12;2 hr;21;1;0;1;1;T;1;0;1;1;Midgut;No;;Selected tumors to take out for tumor frequencies !
230727 21d old selected tumors 2h hs flybow;13;2 hr;21;1;0;1;1;T;1;0;1;1;Malpighi;No;;Selected tumors to take out for tumor frequencies !
230727 21d old selected tumors 2h hs flybow;14;2 hr;21;1;0;1;1;T;1;0;1;1;Malpighi;No;;Selected tumors to take out for tumor frequencies !
230727 21d old selected tumors 2h hs flybow;15;2 hr;21;1;0;1;1;T;1;0;1;1;Midgut;No;;Selected tumors to take out for tumor frequencies !
230727 21d old selected tumors 2h hs flybow;16;2 hr;21;1;3;1;14;F;0;0;0;0;Midgut;No;;Selected tumors to take out for tumor frequencies !
